full_name,state,type,party,address,dc_address,url,photoUrl
Maria Cantwell,WA,sen,Democrat,511 Hart Senate Office Building Washington DC 20510,,https://www.cantwell.senate.gov,
Amy Klobuchar,MN,sen,Democrat,425 Dirksen Senate Office Building Washington DC 20510,,https://www.klobuchar.senate.gov,
Bernard Sanders,VT,sen,Independent,332 Dirksen Senate Office Building Washington DC 20510,,https://www.sanders.senate.gov,
Sheldon Whitehouse,RI,sen,Democrat,530 Hart Senate Office Building Washington DC 20510,,https://www.whitehouse.senate.gov,
John Barrasso,WY,sen,Republican,307 Dirksen Senate Office Building Washington DC 20510,,https://www.barrasso.senate.gov,
Roger F. Wicker,MS,sen,Republican,425 Russell Senate Office Building Washington DC 20510,,https://www.wicker.senate.gov,
Susan M. Collins,ME,sen,Republican,413 Dirksen Senate Office Building Washington DC 20510,,https://www.collins.senate.gov,
John Cornyn,TX,sen,Republican,517 Hart Senate Office Building Washington DC 20510,,https://www.cornyn.senate.gov,
Richard J. Durbin,IL,sen,Democrat,711 Hart Senate Office Building Washington DC 20510,,https://www.durbin.senate.gov,
Lindsey Graham,SC,sen,Republican,211 Russell Senate Office Building Washington DC 20510,,https://www.lgraham.senate.gov/public,
Mitch McConnell,KY,sen,Republican,317 Russell Senate Office Building Washington DC 20510,,https://www.mcconnell.senate.gov,
Jeff Merkley,OR,sen,Democrat,531 Hart Senate Office Building Washington DC 20510,,https://www.merkley.senate.gov,
Jack Reed,RI,sen,Democrat,728 Hart Senate Office Building Washington DC 20510,,https://www.reed.senate.gov,
James E. Risch,ID,sen,Republican,483 Russell Senate Office Building Washington DC 20510,,https://www.risch.senate.gov,
Jeanne Shaheen,NH,sen,Democrat,506 Hart Senate Office Building Washington DC 20510,,https://www.shaheen.senate.gov,
Mark R. Warner,VA,sen,Democrat,703 Hart Senate Office Building Washington DC 20510,,https://www.warner.senate.gov,
Kirsten E. Gillibrand,NY,sen,Democrat,478 Russell Senate Office Building Washington DC 20510,,https://www.gillibrand.senate.gov,
Christopher A. Coons,DE,sen,Democrat,218 Russell Senate Office Building Washington DC 20510,,https://www.coons.senate.gov,
Robert B. Aderholt,AL,rep,Republican,272 Cannon House Office Building Washington DC 20515-0104,,https://aderholt.house.gov,
Tammy Baldwin,WI,sen,Democrat,141 Hart Senate Office Building Washington DC 20510,,https://www.baldwin.senate.gov,
Michael F. Bennet,CO,sen,Democrat,261 Russell Senate Office Building Washington DC 20510,,https://www.bennet.senate.gov,
Gus M. Bilirakis,FL,rep,Republican,2306 Rayburn House Office Building Washington DC 20515-0912,,https://bilirakis.house.gov,
"Sanford D. Bishop, Jr.",GA,rep,Democrat,2407 Rayburn House Office Building Washington DC 20515-1002,,https://bishop.house.gov,
Marsha Blackburn,TN,sen,Republican,357 Dirksen Senate Office Building Washington DC 20510,,https://www.blackburn.senate.gov,
Richard Blumenthal,CT,sen,Democrat,503 Hart Senate Office Building Washington DC 20510,,https://www.blumenthal.senate.gov,
John Boozman,AR,sen,Republican,555 Dirksen Senate Office Building Washington DC 20510,,https://www.boozman.senate.gov/public,
Vern Buchanan,FL,rep,Republican,2409 Rayburn House Office Building Washington DC 20515-0916,,https://buchanan.house.gov,
Ken Calvert,CA,rep,Republican,2205 Rayburn House Office Building Washington DC 20515-0541,,https://calvert.house.gov,
Shelley Moore Capito,WV,sen,Republican,170 Russell Senate Office Building Washington DC 20510,,https://www.capito.senate.gov,
André Carson,IN,rep,Democrat,2135 Rayburn House Office Building Washington DC 20515-1407,,https://carson.house.gov,
John R. Carter,TX,rep,Republican,2208 Rayburn House Office Building Washington DC 20515-4331,,https://carter.house.gov,
Bill Cassidy,LA,sen,Republican,455 Dirksen Senate Office Building Washington DC 20510,,https://www.cassidy.senate.gov,
Kathy Castor,FL,rep,Democrat,2188 Rayburn House Office Building Washington DC 20515-0914,,https://castor.house.gov,
Judy Chu,CA,rep,Democrat,2423 Rayburn House Office Building Washington DC 20515-0528,,https://chu.house.gov,
Yvette D. Clarke,NY,rep,Democrat,2058 Rayburn House Office Building Washington DC 20515-3209,,https://clarke.house.gov,
Emanuel Cleaver,MO,rep,Democrat,2217 Rayburn House Office Building Washington DC 20515-2505,,https://cleaver.house.gov,
James E. Clyburn,SC,rep,Democrat,274 Cannon House Office Building Washington DC 20515-4006,,https://clyburn.house.gov,
Steve Cohen,TN,rep,Democrat,2268 Rayburn House Office Building Washington DC 20515-4209,,https://cohen.house.gov,
Tom Cole,OK,rep,Republican,2207 Rayburn House Office Building Washington DC 20515-3604,,https://cole.house.gov,
Gerald E. Connolly,VA,rep,Democrat,2265 Rayburn House Office Building Washington DC 20515-4611,,https://connolly.house.gov,
Jim Costa,CA,rep,Democrat,2081 Rayburn House Office Building Washington DC 20515-0521,,https://costa.house.gov,
Joe Courtney,CT,rep,Democrat,2449 Rayburn House Office Building Washington DC 20515-0702,,https://courtney.house.gov,
Mike Crapo,ID,sen,Republican,239 Dirksen Senate Office Building Washington DC 20510,,https://www.crapo.senate.gov,
"Eric A. ""Rick"" Crawford",AR,rep,Republican,2422 Rayburn House Office Building Washington DC 20515-0401,,https://crawford.house.gov,
Henry Cuellar,TX,rep,Democrat,2308 Rayburn House Office Building Washington DC 20515-4328,,https://cuellar.house.gov,
Danny K. Davis,IL,rep,Democrat,2159 Rayburn House Office Building Washington DC 20515-1307,,https://davis.house.gov,
Diana DeGette,CO,rep,Democrat,2111 Rayburn House Office Building Washington DC 20515-0601,,https://degette.house.gov,
Rosa L. DeLauro,CT,rep,Democrat,2413 Rayburn House Office Building Washington DC 20515-0703,,https://delauro.house.gov,
Scott DesJarlais,TN,rep,Republican,2304 Rayburn House Office Building Washington DC 20515-4204,,https://desjarlais.house.gov,
Mario Diaz-Balart,FL,rep,Republican,374 Cannon House Office Building Washington DC 20515-0926,,https://mariodiazbalart.house.gov,
Lloyd Doggett,TX,rep,Democrat,2307 Rayburn House Office Building Washington DC 20515-0001,,https://doggett.house.gov,
"Charles J. ""Chuck"" Fleischmann",TN,rep,Republican,2187 Rayburn House Office Building Washington DC 20515-4203,,https://fleischmann.house.gov,
Virginia Foxx,NC,rep,Republican,2462 Rayburn House Office Building Washington DC 20515-3305,,https://foxx.house.gov,
John Garamendi,CA,rep,Democrat,2428 Rayburn House Office Building Washington DC 20515-0508,,https://garamendi.house.gov,
Paul A. Gosar,AZ,rep,Republican,2057 Rayburn House Office Building Washington DC 20515-0309,,https://gosar.house.gov,
Chuck Grassley,IA,sen,Republican,135 Hart Senate Office Building Washington DC 20510,,https://www.grassley.senate.gov,
Sam Graves,MO,rep,Republican,1135 Longworth House Office Building Washington DC 20515-2506,,https://graves.house.gov,
Al Green,TX,rep,Democrat,2347 Rayburn House Office Building Washington DC 20515-4309,,https://algreen.house.gov,
H. Morgan Griffith,VA,rep,Republican,2110 Rayburn House Office Building Washington DC 20515-4609,,https://morgangriffith.house.gov,
Raúl M. Grijalva,AZ,rep,Democrat,1203 Longworth House Office Building Washington DC 20515-0307,,https://grijalva.house.gov,
Brett Guthrie,KY,rep,Republican,2161 Rayburn House Office Building Washington DC 20515-1702,,https://guthrie.house.gov,
Andy Harris,MD,rep,Republican,1536 Longworth House Office Building Washington DC 20515-2001,,https://harris.house.gov,
Martin Heinrich,NM,sen,Democrat,709 Hart Senate Office Building Washington DC 20510,,https://www.heinrich.senate.gov,
James A. Himes,CT,rep,Democrat,2137 Rayburn House Office Building Washington DC 20515-0704,,https://himes.house.gov,
Mazie K. Hirono,HI,sen,Democrat,109 Hart Senate Office Building Washington DC 20510,,https://www.hirono.senate.gov,
John Hoeven,ND,sen,Republican,338 Russell Senate Office Building Washington DC 20510,,https://www.hoeven.senate.gov,
Steny H. Hoyer,MD,rep,Democrat,1705 Longworth House Office Building Washington DC 20515-2005,,https://hoyer.house.gov,
Bill Huizenga,MI,rep,Republican,2232 Rayburn House Office Building Washington DC 20515-2204,,https://huizenga.house.gov,
"Henry C. ""Hank"" Johnson, Jr.",GA,rep,Democrat,2240 Rayburn House Office Building Washington DC 20515-1004,,https://hankjohnson.house.gov,
Ron Johnson,WI,sen,Republican,328 Hart Senate Office Building Washington DC 20510,,https://www.ronjohnson.senate.gov,
Jim Jordan,OH,rep,Republican,2056 Rayburn House Office Building Washington DC 20515-3504,,https://jordan.house.gov,
Marcy Kaptur,OH,rep,Democrat,2314 Rayburn House Office Building Washington DC 20515-3509,,https://kaptur.house.gov,
William R. Keating,MA,rep,Democrat,2372 Rayburn House Office Building Washington DC 20515-2109,,https://keating.house.gov,
Mike Kelly,PA,rep,Republican,1707 Longworth House Office Building Washington DC 20515-3816,,https://kelly.house.gov,
James Lankford,OK,sen,Republican,316 Hart Senate Office Building Washington DC 20510,,https://www.lankford.senate.gov,
Rick Larsen,WA,rep,Democrat,2163 Rayburn House Office Building Washington DC 20515-4702,,https://larsen.house.gov,
John B. Larson,CT,rep,Democrat,1501 Longworth House Office Building Washington DC 20515-0701,,https://larson.house.gov,
Robert E. Latta,OH,rep,Republican,2470 Rayburn House Office Building Washington DC 20515-3505,,https://latta.house.gov,
Mike Lee,UT,sen,Republican,363 Russell Senate Office Building Washington DC 20510,,https://www.lee.senate.gov,
Zoe Lofgren,CA,rep,Democrat,1401 Longworth House Office Building Washington DC 20515-0518,,https://lofgren.house.gov,
Frank D. Lucas,OK,rep,Republican,2405 Rayburn House Office Building Washington DC 20515-3603,,https://lucas.house.gov,
Ben Ray Luján,NM,sen,Democrat,498 Russell Senate Office Building Washington DC 20510,,https://www.lujan.senate.gov,
Stephen F. Lynch,MA,rep,Democrat,2109 Rayburn House Office Building Washington DC 20515-2108,,https://lynch.house.gov,
Edward J. Markey,MA,sen,Democrat,255 Dirksen Senate Office Building Washington DC 20510,,https://www.markey.senate.gov,
Doris O. Matsui,CA,rep,Democrat,2206 Rayburn House Office Building Washington DC 20515-0507,,https://matsui.house.gov,
Michael T. McCaul,TX,rep,Republican,2300 Rayburn House Office Building Washington DC 20515-4310,,https://mccaul.house.gov,
Tom McClintock,CA,rep,Republican,2256 Rayburn House Office Building Washington DC 20515-0505,,https://mcclintock.house.gov,
Betty McCollum,MN,rep,Democrat,2426 Rayburn House Office Building Washington DC 20515-2304,,https://mccollum.house.gov,
James P. McGovern,MA,rep,Democrat,370 Cannon House Office Building Washington DC 20515-2102,,https://mcgovern.house.gov,
Gregory W. Meeks,NY,rep,Democrat,2310 Rayburn House Office Building Washington DC 20515-3205,,https://meeks.house.gov,
Gwen Moore,WI,rep,Democrat,2252 Rayburn House Office Building Washington DC 20515-4904,,https://gwenmoore.house.gov,
Jerry Moran,KS,sen,Republican,521 Dirksen Senate Office Building Washington DC 20510,,https://www.moran.senate.gov,
Lisa Murkowski,AK,sen,Republican,522 Hart Senate Office Building Washington DC 20510,,https://www.murkowski.senate.gov,
Christopher Murphy,CT,sen,Democrat,136 Hart Senate Office Building Washington DC 20510,,https://www.murphy.senate.gov,
Patty Murray,WA,sen,Democrat,154 Russell Senate Office Building Washington DC 20510,,https://www.murray.senate.gov,
Jerrold Nadler,NY,rep,Democrat,2132 Rayburn House Office Building Washington DC 20515-3212,,https://nadler.house.gov,
Richard E. Neal,MA,rep,Democrat,372 Cannon House Office Building Washington DC 20515-2101,,https://neal.house.gov,
Eleanor Holmes Norton,DC,rep,Democrat,2136 Rayburn House Office Building Washington DC 20515-5101,,https://norton.house.gov,
"Frank Pallone, Jr.",NJ,rep,Democrat,2107 Rayburn House Office Building Washington DC 20515-3006,,https://pallone.house.gov,
Rand Paul,KY,sen,Republican,295 Russell Senate Office Building Washington DC 20510,,https://www.paul.senate.gov,
Nancy Pelosi,CA,rep,Democrat,1236 Longworth House Office Building Washington DC 20515-0511,,https://pelosi.house.gov,
Gary C. Peters,MI,sen,Democrat,724 Hart Senate Office Building Washington DC 20510,,https://www.peters.senate.gov,
Chellie Pingree,ME,rep,Democrat,2354 Rayburn House Office Building Washington DC 20515-1901,,https://pingree.house.gov,
Mike Quigley,IL,rep,Democrat,2083 Rayburn House Office Building Washington DC 20515-1305,,https://quigley.house.gov,
Harold Rogers,KY,rep,Republican,2406 Rayburn House Office Building Washington DC 20515-1705,,https://halrogers.house.gov,
Mike Rogers,AL,rep,Republican,2469 Rayburn House Office Building Washington DC 20515-0103,,https://mikerogers.house.gov,
Steve Scalise,LA,rep,Republican,266 Cannon House Office Building Washington DC 20515-1801,,https://scalise.house.gov,
Janice D. Schakowsky,IL,rep,Democrat,2408 Rayburn House Office Building Washington DC 20515-1309,,https://schakowsky.house.gov,
Adam B. Schiff,CA,sen,Democrat,112 Hart Senate Office Building Washington DC 20510,,https://www.schiff.senate.gov,
Charles E. Schumer,NY,sen,Democrat,322 Hart Senate Office Building Washington DC 20510,,https://www.schumer.senate.gov,
David Schweikert,AZ,rep,Republican,166 Cannon House Office Building Washington DC 20515-0301,,https://schweikert.house.gov,
Austin Scott,GA,rep,Republican,2185 Rayburn House Office Building Washington DC 20515-1008,,https://austinscott.house.gov,
David Scott,GA,rep,Democrat,468 Cannon House Office Building Washington DC 20515-1013,,https://davidscott.house.gov,
"Robert C. ""Bobby"" Scott",VA,rep,Democrat,2328 Rayburn House Office Building Washington DC 20515-4603,,https://bobbyscott.house.gov,
Tim Scott,SC,sen,Republican,104 Hart Senate Office Building Washington DC 20510,,https://www.scott.senate.gov,
Terri A. Sewell,AL,rep,Democrat,1035 Longworth House Office Building Washington DC 20515-0107,,https://sewell.house.gov,
Brad Sherman,CA,rep,Democrat,2365 Rayburn House Office Building Washington DC 20515-0532,,https://sherman.house.gov,
Michael K. Simpson,ID,rep,Republican,2084 Rayburn House Office Building Washington DC 20515-1202,,https://simpson.house.gov,
Adam Smith,WA,rep,Democrat,2264 Rayburn House Office Building Washington DC 20515-4709,,https://adamsmith.house.gov,
Adrian Smith,NE,rep,Republican,502 Cannon House Office Building Washington DC 20515-2703,,https://adriansmith.house.gov,
Christopher H. Smith,NJ,rep,Republican,2373 Rayburn House Office Building Washington DC 20515-3004,,https://chrissmith.house.gov,
Linda T. Sánchez,CA,rep,Democrat,2309 Rayburn House Office Building Washington DC 20515-0538,,https://lindasanchez.house.gov,
Bennie G. Thompson,MS,rep,Democrat,2466 Rayburn House Office Building Washington DC 20515-2402,,https://benniethompson.house.gov,
Mike Thompson,CA,rep,Democrat,268 Cannon House Office Building Washington DC 20515-0504,,https://mikethompson.house.gov,
Glenn Thompson,PA,rep,Republican,400 Cannon House Office Building Washington DC 20515-3815,,https://thompson.house.gov,
John Thune,SD,sen,Republican,511 Dirksen Senate Office Building Washington DC 20510,,https://www.thune.senate.gov,
Paul Tonko,NY,rep,Democrat,2269 Rayburn House Office Building Washington DC 20515-3220,,https://tonko.house.gov,
Michael R. Turner,OH,rep,Republican,2183 Rayburn House Office Building Washington DC 20515-3510,,https://turner.house.gov,
Chris Van Hollen,MD,sen,Democrat,730 Hart Senate Office Building Washington DC 20510,,https://www.vanhollen.senate.gov,
Nydia M. Velázquez,NY,rep,Democrat,2302 Rayburn House Office Building Washington DC 20515-3207,,https://velazquez.house.gov,
Tim Walberg,MI,rep,Republican,2266 Rayburn House Office Building Washington DC 20515-2205,,https://walberg.house.gov,
Debbie Wasserman Schultz,FL,rep,Democrat,270 Cannon House Office Building Washington DC 20515-0925,,https://wassermanschultz.house.gov,
Maxine Waters,CA,rep,Democrat,2221 Rayburn House Office Building Washington DC 20515-0543,,https://waters.house.gov,
Daniel Webster,FL,rep,Republican,2184 Rayburn House Office Building Washington DC 20515-0911,,https://webster.house.gov,
Peter Welch,VT,sen,Democrat,124 Russell Senate Office Building Washington DC 20510,,https://www.welch.senate.gov,
Joe Wilson,SC,rep,Republican,1436 Longworth House Office Building Washington DC 20515-4002,,https://joewilson.house.gov,
Frederica S. Wilson,FL,rep,Democrat,2080 Rayburn House Office Building Washington DC 20515-0924,,https://wilson.house.gov,
Robert J. Wittman,VA,rep,Republican,2055 Rayburn House Office Building Washington DC 20515-4601,,https://wittman.house.gov,
Steve Womack,AR,rep,Republican,2412 Rayburn House Office Building Washington DC 20515-0403,,https://womack.house.gov,
Ron Wyden,OR,sen,Democrat,221 Dirksen Senate Office Building Washington DC 20510,,https://www.wyden.senate.gov,
Todd Young,IN,sen,Republican,185 Dirksen Senate Office Building Washington DC 20510,,https://www.young.senate.gov,
Mark E. Amodei,NV,rep,Republican,104 Cannon House Office Building Washington DC 20515-2802,,https://amodei.house.gov,
Suzanne Bonamici,OR,rep,Democrat,2231 Rayburn House Office Building Washington DC 20515-3701,,https://bonamici.house.gov,
Suzan K. DelBene,WA,rep,Democrat,2311 Rayburn House Office Building Washington DC 20515-4701,,https://delbene.house.gov,
Thomas Massie,KY,rep,Republican,2371 Rayburn House Office Building Washington DC 20515-1704,,https://massie.house.gov,
Brian Schatz,HI,sen,Democrat,722 Hart Senate Office Building Washington DC 20510,,https://www.schatz.senate.gov,
Bill Foster,IL,rep,Democrat,2366 Rayburn House Office Building Washington DC 20515-1311,,https://foster.house.gov,
Dina Titus,NV,rep,Democrat,2370 Rayburn House Office Building Washington DC 20515-2801,,https://titus.house.gov,
Tom Cotton,AR,sen,Republican,326 Russell Senate Office Building Washington DC 20510,,https://www.cotton.senate.gov,
Doug LaMalfa,CA,rep,Republican,408 Cannon House Office Building Washington DC 20515-0501,,https://lamalfa.house.gov,
Jared Huffman,CA,rep,Democrat,2330 Rayburn House Office Building Washington DC 20515-0502,,https://huffman.house.gov,
Ami Bera,CA,rep,Democrat,172 Cannon House Office Building Washington DC 20515-0506,,https://bera.house.gov,
Eric Swalwell,CA,rep,Democrat,174 Cannon House Office Building Washington DC 20515-0514,,https://swalwell.house.gov,
Julia Brownley,CA,rep,Democrat,2262 Rayburn House Office Building Washington DC 20515-0526,,https://juliabrownley.house.gov,
Raul Ruiz,CA,rep,Democrat,2342 Rayburn House Office Building Washington DC 20515-0525,,https://ruiz.house.gov,
Mark Takano,CA,rep,Democrat,2078 Rayburn House Office Building Washington DC 20515-0539,,https://takano.house.gov,
Juan Vargas,CA,rep,Democrat,2467 Rayburn House Office Building Washington DC 20515-0552,,https://vargas.house.gov,
Scott H. Peters,CA,rep,Democrat,2369 Rayburn House Office Building Washington DC 20515-0550,,https://scottpeters.house.gov,
Lois Frankel,FL,rep,Democrat,2305 Rayburn House Office Building Washington DC 20515-0922,,https://frankel.house.gov,
Tammy Duckworth,IL,sen,Democrat,524 Hart Senate Office Building Washington DC 20510,,https://www.duckworth.senate.gov,
Andy Barr,KY,rep,Republican,2430 Rayburn House Office Building Washington DC 20515-1706,,https://barr.house.gov,
Elizabeth Warren,MA,sen,Democrat,311 Hart Senate Office Building Washington DC 20510,,https://www.warren.senate.gov,
"Angus S. King, Jr.",ME,sen,Independent,133 Hart Senate Office Building Washington DC 20510,,https://www.king.senate.gov,
Ann Wagner,MO,rep,Republican,2350 Rayburn House Office Building Washington DC 20515-2502,,https://wagner.house.gov,
Steve Daines,MT,sen,Republican,320 Hart Senate Office Building Washington DC 20510,,https://www.daines.senate.gov,
Richard Hudson,NC,rep,Republican,2112 Rayburn House Office Building Washington DC 20515-3309,,https://hudson.house.gov,
Kevin Cramer,ND,sen,Republican,313 Hart Senate Office Building Washington DC 20510,,https://www.cramer.senate.gov,
Deb Fischer,NE,sen,Republican,448 Russell Senate Office Building Washington DC 20510,,https://www.fischer.senate.gov,
Grace Meng,NY,rep,Democrat,2468 Rayburn House Office Building Washington DC 20515-3206,,https://meng.house.gov,
Hakeem S. Jeffries,NY,rep,Democrat,2267 Rayburn House Office Building Washington DC 20515-3208,,https://jeffries.house.gov,
Joyce Beatty,OH,rep,Democrat,2079 Rayburn House Office Building Washington DC 20515-3503,,https://beatty.house.gov,
David P. Joyce,OH,rep,Republican,2065 Rayburn House Office Building Washington DC 20515-3514,,https://joyce.house.gov,
Markwayne Mullin,OK,sen,Republican,330 Hart Senate Office Building Washington DC 20510,,https://www.mullin.senate.gov,
Scott Perry,PA,rep,Republican,2160 Rayburn House Office Building Washington DC 20515-3810,,https://perry.house.gov,
Ted Cruz,TX,sen,Republican,167 Russell Senate Office Building Washington DC 20510,,https://www.cruz.senate.gov,
"Randy K. Weber, Sr.",TX,rep,Republican,107 Cannon House Office Building Washington DC 20515-4314,,https://weber.house.gov,
Joaquin Castro,TX,rep,Democrat,2241 Rayburn House Office Building Washington DC 20515-4320,,https://castro.house.gov,
Roger Williams,TX,rep,Republican,2336 Rayburn House Office Building Washington DC 20515-4325,,https://williams.house.gov,
Marc A. Veasey,TX,rep,Democrat,2186 Rayburn House Office Building Washington DC 20515-4333,,https://veasey.house.gov,
Tim Kaine,VA,sen,Democrat,231 Russell Senate Office Building Washington DC 20510,,https://www.kaine.senate.gov,
Mark Pocan,WI,rep,Democrat,1026 Longworth House Office Building Washington DC 20515-4902,,https://pocan.house.gov,
Robin L. Kelly,IL,rep,Democrat,2329 Rayburn House Office Building Washington DC 20515-1302,,https://robinkelly.house.gov,
Jason Smith,MO,rep,Republican,1011 Longworth House Office Building Washington DC 20515-2508,,https://jasonsmith.house.gov,
Cory A. Booker,NJ,sen,Democrat,306 Hart Senate Office Building Washington DC 20510,,https://www.booker.senate.gov,
Katherine M. Clark,MA,rep,Democrat,2368 Rayburn House Office Building Washington DC 20515-2105,,https://katherineclark.house.gov,
Donald Norcross,NJ,rep,Democrat,2427 Rayburn House Office Building Washington DC 20515-3001,,https://norcross.house.gov,
Alma S. Adams,NC,rep,Democrat,2436 Rayburn House Office Building Washington DC 20515-3312,,https://adams.house.gov,
Gary J. Palmer,AL,rep,Republican,170 Cannon House Office Building Washington DC 20515-0106,,https://palmer.house.gov,
J. French Hill,AR,rep,Republican,1533 Longworth House Office Building Washington DC 20515-0402,,https://hill.house.gov,
Bruce Westerman,AR,rep,Republican,202 Cannon House Office Building Washington DC 20515-0404,,https://westerman.house.gov,
Ruben Gallego,AZ,sen,Democrat,188 Russell Senate Office Building Washington DC 20510,,https://www.gallego.senate.gov,
Mark DeSaulnier,CA,rep,Democrat,2134 Rayburn House Office Building Washington DC 20515-0510,,https://desaulnier.house.gov,
Pete Aguilar,CA,rep,Democrat,108 Cannon House Office Building Washington DC 20515-0533,,https://aguilar.house.gov,
Ted Lieu,CA,rep,Democrat,2454 Rayburn House Office Building Washington DC 20515-0536,,https://lieu.house.gov,
Norma J. Torres,CA,rep,Democrat,2227 Rayburn House Office Building Washington DC 20515-0535,,https://torres.house.gov,
"Earl L. ""Buddy"" Carter",GA,rep,Republican,2432 Rayburn House Office Building Washington DC 20515-1001,,https://buddycarter.house.gov,
Barry Loudermilk,GA,rep,Republican,2133 Rayburn House Office Building Washington DC 20515-1011,,https://loudermilk.house.gov,
Rick W. Allen,GA,rep,Republican,462 Cannon House Office Building Washington DC 20515-1012,,https://allen.house.gov,
Mike Bost,IL,rep,Republican,352 Cannon House Office Building Washington DC 20515-1312,,https://bost.house.gov,
Seth Moulton,MA,rep,Democrat,1126 Longworth House Office Building Washington DC 20515-2106,,https://moulton.house.gov,
John R. Moolenaar,MI,rep,Republican,246 Cannon House Office Building Washington DC 20515-2202,,https://moolenaar.house.gov,
Debbie Dingell,MI,rep,Democrat,102 Cannon House Office Building Washington DC 20515-2206,,https://debbiedingell.house.gov,
Tom Emmer,MN,rep,Republican,326 Cannon House Office Building Washington DC 20515-2306,,https://emmer.house.gov,
David Rouzer,NC,rep,Republican,2333 Rayburn House Office Building Washington DC 20515-3307,,https://rouzer.house.gov,
Bonnie Watson Coleman,NJ,rep,Democrat,168 Cannon House Office Building Washington DC 20515-3012,,https://watsoncoleman.house.gov,
Elise M. Stefanik,NY,rep,Republican,2211 Rayburn House Office Building Washington DC 20515-3221,,https://stefanik.house.gov,
Brendan F. Boyle,PA,rep,Democrat,1502 Longworth House Office Building Washington DC 20515-3802,,https://boyle.house.gov,
Brian Babin,TX,rep,Republican,2236 Rayburn House Office Building Washington DC 20515-4336,,https://babin.house.gov,
"Donald S. Beyer, Jr.",VA,rep,Democrat,1226 Longworth House Office Building Washington DC 20515-4608,,https://beyer.house.gov,
Stacey E. Plaskett,VI,rep,Democrat,2059 Rayburn House Office Building Washington DC 20515-5500,,https://plaskett.house.gov,
Dan Newhouse,WA,rep,Republican,460 Cannon House Office Building Washington DC 20515-4704,,https://newhouse.house.gov,
Glenn Grothman,WI,rep,Republican,1211 Longworth House Office Building Washington DC 20515-4906,,https://grothman.house.gov,
Aumua Amata Coleman Radewagen,AS,rep,Republican,2001 Rayburn House Office Building Washington DC 20515-5200,,https://radewagen.house.gov,
Dan Sullivan,AK,sen,Republican,302 Hart Senate Office Building Washington DC 20510,,https://www.sullivan.senate.gov,
Joni Ernst,IA,sen,Republican,260 Russell Senate Office Building Washington DC 20510,,https://www.ernst.senate.gov,
Thom Tillis,NC,sen,Republican,113 Dirksen Senate Office Building Washington DC 20510,,https://www.tillis.senate.gov,
Mike Rounds,SD,sen,Republican,716 Hart Senate Office Building Washington DC 20510,,https://www.rounds.senate.gov,
Trent Kelly,MS,rep,Republican,2243 Rayburn House Office Building Washington DC 20515-2401,,https://trentkelly.house.gov,
Darin LaHood,IL,rep,Republican,503 Cannon House Office Building Washington DC 20515-1316,,https://lahood.house.gov,
Warren Davidson,OH,rep,Republican,2113 Rayburn House Office Building Washington DC 20515-3508,,https://davidson.house.gov,
James Comer,KY,rep,Republican,2410 Rayburn House Office Building Washington DC 20515-1701,,https://comer.house.gov,
Dwight Evans,PA,rep,Democrat,1105 Longworth House Office Building Washington DC 20515-3803,,https://evans.house.gov,
John Kennedy,LA,sen,Republican,437 Russell Senate Office Building Washington DC 20510,,https://www.kennedy.senate.gov/public,
Margaret Wood Hassan,NH,sen,Democrat,324 Hart Senate Office Building Washington DC 20510,,https://www.hassan.senate.gov,
Catherine Cortez Masto,NV,sen,Democrat,520 Hart Senate Office Building Washington DC 20510,,https://www.cortezmasto.senate.gov,
Bradley Scott Schneider,IL,rep,Democrat,300 Cannon House Office Building Washington DC 20515-1310,,https://schneider.house.gov,
Andy Biggs,AZ,rep,Republican,464 Cannon House Office Building Washington DC 20515-0305,,https://biggs.house.gov,
Ro Khanna,CA,rep,Democrat,306 Cannon House Office Building Washington DC 20515-0517,,https://khanna.house.gov,
Jimmy Panetta,CA,rep,Democrat,200 Cannon House Office Building Washington DC 20515-0519,,https://panetta.house.gov,
Salud O. Carbajal,CA,rep,Democrat,2331 Rayburn House Office Building Washington DC 20515-0524,,https://carbajal.house.gov,
Nanette Diaz Barragán,CA,rep,Democrat,2312 Rayburn House Office Building Washington DC 20515-0544,,https://barragan.house.gov,
J. Luis Correa,CA,rep,Democrat,2082 Rayburn House Office Building Washington DC 20515-0546,,https://correa.house.gov,
Lisa Blunt Rochester,DE,sen,Democrat,B40A Dirksen Senate Office Building Washington DC 20510,,https://www.bluntrochester.senate.gov,
Neal P. Dunn,FL,rep,Republican,466 Cannon House Office Building Washington DC 20515-0902,,https://dunn.house.gov,
John H. Rutherford,FL,rep,Republican,1711 Longworth House Office Building Washington DC 20515-0905,,https://rutherford.house.gov,
Darren Soto,FL,rep,Democrat,2353 Rayburn House Office Building Washington DC 20515-0909,,https://soto.house.gov,
Brian J. Mast,FL,rep,Republican,2182 Rayburn House Office Building Washington DC 20515-0921,,https://mast.house.gov,
Raja Krishnamoorthi,IL,rep,Democrat,2367 Rayburn House Office Building Washington DC 20515-1308,,https://krishnamoorthi.house.gov,
Jim Banks,IN,sen,Republican,B85 Russell Senate Office Building Washington DC 20510,,https://www.banks.senate.gov,
Roger Marshall,KS,sen,Republican,479A Russell Senate Office Building Washington DC 20510,,https://www.marshall.senate.gov,
Clay Higgins,LA,rep,Republican,572 Cannon House Office Building Washington DC 20515-1803,,https://clayhiggins.house.gov,
Mike Johnson,LA,rep,Republican,568 Cannon House Office Building Washington DC 20515-1804,,https://mikejohnson.house.gov,
Jamie Raskin,MD,rep,Democrat,2242 Rayburn House Office Building Washington DC 20515-2008,,https://raskin.house.gov,
Jack Bergman,MI,rep,Republican,566 Cannon House Office Building Washington DC 20515-2201,,https://bergman.house.gov,
Ted Budd,NC,sen,Republican,304 Russell Senate Office Building Washington DC 20510,,https://www.budd.senate.gov,
Don Bacon,NE,rep,Republican,2104 Rayburn House Office Building Washington DC 20515-2702,,https://bacon.house.gov,
Josh Gottheimer,NJ,rep,Democrat,106 Cannon House Office Building Washington DC 20515-3005,,https://gottheimer.house.gov,
Jacky Rosen,NV,sen,Democrat,713 Hart Senate Office Building Washington DC 20510,,https://www.rosen.senate.gov,
Adriano Espaillat,NY,rep,Democrat,2332 Rayburn House Office Building Washington DC 20515-3213,,https://espaillat.house.gov,
Brian K. Fitzpatrick,PA,rep,Republican,271 Cannon House Office Building Washington DC 20515-3801,,https://fitzpatrick.house.gov,
Lloyd Smucker,PA,rep,Republican,302 Cannon House Office Building Washington DC 20515-3811,,https://smucker.house.gov,
David Kustoff,TN,rep,Republican,560 Cannon House Office Building Washington DC 20515-4208,,https://kustoff.house.gov,
Vicente Gonzalez,TX,rep,Democrat,1201 Longworth House Office Building Washington DC 20515-4334,,https://gonzalez.house.gov,
Jodey C. Arrington,TX,rep,Republican,1111 Longworth House Office Building Washington DC 20515-4319,,https://arrington.house.gov,
Pramila Jayapal,WA,rep,Democrat,2346 Rayburn House Office Building Washington DC 20515-4707,,https://jayapal.house.gov,
Ron Estes,KS,rep,Republican,2234 Rayburn House Office Building Washington DC 20515-1604,,https://estes.house.gov,
Ralph Norman,SC,rep,Republican,569 Cannon House Office Building Washington DC 20515-4005,,https://norman.house.gov,
Jimmy Gomez,CA,rep,Democrat,506 Cannon House Office Building Washington DC 20515-0534,,https://gomez.house.gov,
John R. Curtis,UT,sen,Republican,B11 Russell Senate Office Building Washington DC 20510,,https://www.curtis.senate.gov,
Tina Smith,MN,sen,Democrat,720 Hart Senate Office Building Washington DC 20510,,https://www.smith.senate.gov,
Cindy Hyde-Smith,MS,sen,Republican,702 Hart Senate Office Building Washington DC 20510,,https://www.hydesmith.senate.gov,
Michael Cloud,TX,rep,Republican,304 Cannon House Office Building Washington DC 20515-4327,,https://cloud.house.gov,
Troy Balderson,OH,rep,Republican,2429 Rayburn House Office Building Washington DC 20515-3512,,https://balderson.house.gov,
Kevin Hern,OK,rep,Republican,171 Cannon House Office Building Washington DC 20515-3601,,https://hern.house.gov,
Joseph D. Morelle,NY,rep,Democrat,570 Cannon House Office Building Washington DC 20515-3225,,https://morelle.house.gov,
Mary Gay Scanlon,PA,rep,Democrat,1214 Longworth House Office Building Washington DC 20515-3805,,https://scanlon.house.gov,
Ed Case,HI,rep,Democrat,2210 Rayburn House Office Building Washington DC 20515-1101,,https://case.house.gov,
Steven Horsford,NV,rep,Democrat,406 Cannon House Office Building Washington DC 20515-2804,,https://horsford.house.gov,
Greg Stanton,AZ,rep,Democrat,207 Cannon House Office Building Washington DC 20515-0304,,https://stanton.house.gov,
Josh Harder,CA,rep,Democrat,209 Cannon House Office Building Washington DC 20515-0509,,https://harder.house.gov,
Mike Levin,CA,rep,Democrat,2352 Rayburn House Office Building Washington DC 20515-0549,,https://levin.house.gov,
Joe Neguse,CO,rep,Democrat,2400 Rayburn House Office Building Washington DC 20515-0602,,https://neguse.house.gov,
Jason Crow,CO,rep,Democrat,1323 Longworth House Office Building Washington DC 20515-0606,,https://crow.house.gov,
Jahana Hayes,CT,rep,Democrat,2049 Rayburn House Office Building Washington DC 20515-0705,,https://hayes.house.gov,
W. Gregory Steube,FL,rep,Republican,2457 Rayburn House Office Building Washington DC 20515-0917,,https://steube.house.gov,
Lucy McBath,GA,rep,Democrat,2246 Rayburn House Office Building Washington DC 20515-1006,,https://mcbath.house.gov,
Russ Fulcher,ID,rep,Republican,1514 Longworth House Office Building Washington DC 20515-1201,,https://fulcher.house.gov,
"Jesús G. ""Chuy"" García",IL,rep,Democrat,2334 Rayburn House Office Building Washington DC 20515-1304,,https://chuygarcia.house.gov,
Sean Casten,IL,rep,Democrat,2440 Rayburn House Office Building Washington DC 20515-1306,,https://casten.house.gov,
Lauren Underwood,IL,rep,Democrat,2228 Rayburn House Office Building Washington DC 20515-1314,,https://underwood.house.gov,
James R. Baird,IN,rep,Republican,2303 Rayburn House Office Building Washington DC 20515-1404,,https://baird.house.gov,
Sharice Davids,KS,rep,Democrat,2435 Rayburn House Office Building Washington DC 20515-1603,,https://davids.house.gov,
Lori Trahan,MA,rep,Democrat,2233 Rayburn House Office Building Washington DC 20515-2103,,https://trahan.house.gov,
Ayanna Pressley,MA,rep,Democrat,402 Cannon House Office Building Washington DC 20515-2107,,https://pressley.house.gov,
Elissa Slotkin,MI,sen,Democrat,825B Hart Senate Office Building Washington DC 20510,,https://www.slotkin.senate.gov,
Haley M. Stevens,MI,rep,Democrat,2411 Rayburn House Office Building Washington DC 20515-2211,,https://stevens.house.gov,
Rashida Tlaib,MI,rep,Democrat,2438 Rayburn House Office Building Washington DC 20515-2212,,https://tlaib.house.gov,
Angie Craig,MN,rep,Democrat,2052 Rayburn House Office Building Washington DC 20515-2302,,https://craig.house.gov,
Ilhan Omar,MN,rep,Democrat,1730 Longworth House Office Building Washington DC 20515-2305,,https://omar.house.gov,
Pete Stauber,MN,rep,Republican,145 Cannon House Office Building Washington DC 20515-2308,,https://stauber.house.gov,
Michael Guest,MS,rep,Republican,450 Cannon House Office Building Washington DC 20515-2403,,https://guest.house.gov,
Chris Pappas,NH,rep,Democrat,452 Cannon House Office Building Washington DC 20515-2901,,https://pappas.house.gov,
Jefferson Van Drew,NJ,rep,Republican,2447 Rayburn House Office Building Washington DC 20515-3002,,https://vandrew.house.gov,
Andy Kim,NJ,sen,Democrat,B40D Dirksen Senate Office Building Washington DC 20510,,https://www.kim.senate.gov,
Mikie Sherrill,NJ,rep,Democrat,1427 Longworth House Office Building Washington DC 20515-3011,,https://sherrill.house.gov,
Susie Lee,NV,rep,Democrat,365 Cannon House Office Building Washington DC 20515-2803,,https://susielee.house.gov,
Alexandria Ocasio-Cortez,NY,rep,Democrat,250 Cannon House Office Building Washington DC 20515-3214,,https://ocasio-cortez.house.gov,
Madeleine Dean,PA,rep,Democrat,150 Cannon House Office Building Washington DC 20515-3804,,https://dean.house.gov,
Chrissy Houlahan,PA,rep,Democrat,1727 Longworth House Office Building Washington DC 20515-3806,,https://houlahan.house.gov,
Daniel Meuser,PA,rep,Republican,350 Cannon House Office Building Washington DC 20515-3809,,https://meuser.house.gov,
John Joyce,PA,rep,Republican,2102 Rayburn House Office Building Washington DC 20515-3813,,https://johnjoyce.house.gov,
Guy Reschenthaler,PA,rep,Republican,2209 Rayburn House Office Building Washington DC 20515-3814,,https://reschenthaler.house.gov,
William R. Timmons IV,SC,rep,Republican,267 Cannon House Office Building Washington DC 20515-4004,,https://timmons.house.gov,
Dusty Johnson,SD,rep,Republican,1714 Longworth House Office Building Washington DC 20515-4100,,https://dustyjohnson.house.gov,
Tim Burchett,TN,rep,Republican,1122 Longworth House Office Building Washington DC 20515-4202,,https://burchett.house.gov,
John W. Rose,TN,rep,Republican,2238 Rayburn House Office Building Washington DC 20515-4206,,https://johnrose.house.gov,
Mark E. Green,TN,rep,Republican,2446 Rayburn House Office Building Washington DC 20515-4207,,https://markgreen.house.gov,
Dan Crenshaw,TX,rep,Republican,248 Cannon House Office Building Washington DC 20515-4302,,https://crenshaw.house.gov,
Lance Gooden,TX,rep,Republican,2431 Rayburn House Office Building Washington DC 20515-4305,,https://gooden.house.gov,
Lizzie Fletcher,TX,rep,Democrat,2004 Rayburn House Office Building Washington DC 20515-4307,,https://fletcher.house.gov,
Veronica Escobar,TX,rep,Democrat,2448 Rayburn House Office Building Washington DC 20515-4316,,https://escobar.house.gov,
Chip Roy,TX,rep,Republican,103 Cannon House Office Building Washington DC 20515-4321,,https://roy.house.gov,
Sylvia R. Garcia,TX,rep,Democrat,2419 Rayburn House Office Building Washington DC 20515-4329,,https://sylviagarcia.house.gov,
Ben Cline,VA,rep,Republican,2443 Rayburn House Office Building Washington DC 20515-4606,,https://cline.house.gov,
Kim Schrier,WA,rep,Democrat,1110 Longworth House Office Building Washington DC 20515-4708,,https://schrier.house.gov,
Bryan Steil,WI,rep,Republican,1526 Longworth House Office Building Washington DC 20515-4901,,https://steil.house.gov,
Carol D. Miller,WV,rep,Republican,465 Cannon House Office Building Washington DC 20515-4801,,https://miller.house.gov,
Rick Scott,FL,sen,Republican,110 Hart Senate Office Building Washington DC 20510,,https://www.rickscott.senate.gov,
Josh Hawley,MO,sen,Republican,115 Russell Senate Office Building Washington DC 20510,,https://www.hawley.senate.gov,
Jared F. Golden,ME,rep,Democrat,1107 Longworth House Office Building Washington DC 20515-1902,,https://golden.house.gov,
Gregory F. Murphy,NC,rep,Republican,407 Cannon House Office Building Washington DC 20515-3303,,https://murphy.house.gov,
Kweisi Mfume,MD,rep,Democrat,2263 Rayburn House Office Building Washington DC 20515-2007,,https://mfume.house.gov,
Thomas P. Tiffany,WI,rep,Republican,451 Cannon House Office Building Washington DC 20515-4907,,https://tiffany.house.gov,
Mark Kelly,AZ,sen,Democrat,516 Hart Senate Office Building Washington DC 20510,,https://www.kelly.senate.gov,
Cynthia M. Lummis,WY,sen,Republican,127A Russell Senate Office Building Washington DC 20510,,https://www.lummis.senate.gov,
Darrell Issa,CA,rep,Republican,2108 Rayburn House Office Building Washington DC 20515-0548,,https://issa.house.gov,
Pete Sessions,TX,rep,Republican,2204 Rayburn House Office Building Washington DC 20515-4317,,https://sessions.house.gov,
David G. Valadao,CA,rep,Republican,2465 Rayburn House Office Building Washington DC 20515-0522,,https://valadao.house.gov,
Tommy Tuberville,AL,sen,Republican,455 Russell Senate Office Building Washington DC 20510,,https://www.tuberville.senate.gov,
John W. Hickenlooper,CO,sen,Democrat,374 Russell Senate Office Building Washington DC 20510,,https://www.hickenlooper.senate.gov,
Bill Hagerty,TN,sen,Republican,251 Russell Senate Office Building Washington DC 20510,,https://www.hagerty.senate.gov,
Barry Moore,AL,rep,Republican,1511 Longworth House Office Building Washington DC 20515-0101,,https://barrymoore.house.gov,
Jay Obernolte,CA,rep,Republican,2433 Rayburn House Office Building Washington DC 20515-0523,,https://obernolte.house.gov,
Young Kim,CA,rep,Republican,2439 Rayburn House Office Building Washington DC 20515-0540,,https://youngkim.house.gov,
Sara Jacobs,CA,rep,Democrat,2348 Rayburn House Office Building Washington DC 20515-0551,,https://sarajacobs.house.gov,
Lauren Boebert,CO,rep,Republican,1713 Longworth House Office Building Washington DC 20515-0604,,https://boebert.house.gov,
Kat Cammack,FL,rep,Republican,2421 Rayburn House Office Building Washington DC 20515-0903,,https://cammack.house.gov,
Scott Franklin,FL,rep,Republican,2301 Rayburn House Office Building Washington DC 20515-0918,,https://franklin.house.gov,
Byron Donalds,FL,rep,Republican,1710 Longworth House Office Building Washington DC 20515-0919,,https://donalds.house.gov,
Carlos A. Gimenez,FL,rep,Republican,448 Cannon House Office Building Washington DC 20515-0001,,https://gimenez.house.gov,
Maria Elvira Salazar,FL,rep,Republican,2162 Rayburn House Office Building Washington DC 20515-0927,,https://salazar.house.gov,
Nikema Williams,GA,rep,Democrat,1406 Longworth House Office Building Washington DC 20515-1005,,https://nikemawilliams.house.gov,
Andrew S. Clyde,GA,rep,Republican,445 Cannon House Office Building Washington DC 20515-1009,,https://clyde.house.gov,
Marjorie Taylor Greene,GA,rep,Republican,2201 Rayburn House Office Building Washington DC 20515-1014,,https://greene.house.gov,
Ashley Hinson,IA,rep,Republican,2458 Rayburn House Office Building Washington DC 20515-1502,,https://hinson.house.gov,
Mariannette Miller-Meeks,IA,rep,Republican,504 Cannon House Office Building Washington DC 20515-1501,,https://millermeeks.house.gov,
Randy Feenstra,IA,rep,Republican,2434 Rayburn House Office Building Washington DC 20515-1504,,https://feenstra.house.gov,
Mary E. Miller,IL,rep,Republican,1740 Longworth House Office Building Washington DC 20515-1315,,https://marymiller.house.gov,
Frank J. Mrvan,IN,rep,Democrat,2441 Rayburn House Office Building Washington DC 20515-1401,,https://mrvan.house.gov,
Victoria Spartz,IN,rep,Republican,1609 Longworth House Office Building Washington DC 20515-1405,,https://spartz.house.gov,
Tracey Mann,KS,rep,Republican,344 Cannon House Office Building Washington DC 20515-1601,,https://mann.house.gov,
Jake Auchincloss,MA,rep,Democrat,1524 Longworth House Office Building Washington DC 20515-2104,,https://auchincloss.house.gov,
Lisa C. McClain,MI,rep,Republican,562 Cannon House Office Building Washington DC 20515-2209,,https://mcclain.house.gov,
Michelle Fischbach,MN,rep,Republican,2229 Rayburn House Office Building Washington DC 20515-2307,,https://fischbach.house.gov,
Deborah K. Ross,NC,rep,Democrat,1221 Longworth House Office Building Washington DC 20515-3302,,https://ross.house.gov,
Teresa Leger Fernandez,NM,rep,Democrat,2417 Rayburn House Office Building Washington DC 20515-3103,,https://fernandez.house.gov,
Andrew R. Garbarino,NY,rep,Republican,2344 Rayburn House Office Building Washington DC 20515-3202,,https://garbarino.house.gov,
Nicole Malliotakis,NY,rep,Republican,1124 Longworth House Office Building Washington DC 20515-3211,,https://malliotakis.house.gov,
Ritchie Torres,NY,rep,Democrat,1414 Longworth House Office Building Washington DC 20515-3215,,https://ritchietorres.house.gov,
Stephanie I. Bice,OK,rep,Republican,2402 Rayburn House Office Building Washington DC 20515-3605,,https://bice.house.gov,
Cliff Bentz,OR,rep,Republican,409 Cannon House Office Building Washington DC 20515-3702,,https://bentz.house.gov,
Nancy Mace,SC,rep,Republican,1728 Longworth House Office Building Washington DC 20515-4001,,https://mace.house.gov,
Diana Harshbarger,TN,rep,Republican,167 Cannon House Office Building Washington DC 20515-4201,,https://harshbarger.house.gov,
Pat Fallon,TX,rep,Republican,2416 Rayburn House Office Building Washington DC 20515-4304,,https://fallon.house.gov,
August Pfluger,TX,rep,Republican,2202 Rayburn House Office Building Washington DC 20515-4311,,https://pfluger.house.gov,
Ronny Jackson,TX,rep,Republican,125 Cannon House Office Building Washington DC 20515-4313,,https://jackson.house.gov,
Troy E. Nehls,TX,rep,Republican,1104 Longworth House Office Building Washington DC 20515-4322,,https://nehls.house.gov,
Tony Gonzales,TX,rep,Republican,2239 Rayburn House Office Building Washington DC 20515-4323,,https://gonzales.house.gov,
Beth Van Duyne,TX,rep,Republican,1725 Longworth House Office Building Washington DC 20515-4324,,https://vanduyne.house.gov,
Blake D. Moore,UT,rep,Republican,1131 Longworth House Office Building Washington DC 20515-4401,,https://blakemoore.house.gov,
Burgess Owens,UT,rep,Republican,309 Cannon House Office Building Washington DC 20515-4404,,https://owens.house.gov,
Marilyn Strickland,WA,rep,Democrat,1724 Longworth House Office Building Washington DC 20515-4710,,https://strickland.house.gov,
Scott Fitzgerald,WI,rep,Republican,2444 Rayburn House Office Building Washington DC 20515-4905,,https://fitzgerald.house.gov,
Alex Padilla,CA,sen,Democrat,331 Hart Senate Office Building Washington DC 20510,,https://www.padilla.senate.gov,
Jon Ossoff,GA,sen,Democrat,303 Hart Senate Office Building Washington DC 20510,,https://www.ossoff.senate.gov,
Raphael G. Warnock,GA,sen,Democrat,416 Russell Senate Office Building Washington DC 20510,,https://www.warnock.senate.gov,
Claudia Tenney,NY,rep,Republican,2230 Rayburn House Office Building Washington DC 20515-3224,,https://tenney.house.gov,
Julia Letlow,LA,rep,Republican,142 Cannon House Office Building Washington DC 20515-1805,,https://letlow.house.gov,
Troy A. Carter,LA,rep,Democrat,442 Cannon House Office Building Washington DC 20515-1802,,https://troycarter.house.gov,
Melanie A. Stansbury,NM,rep,Democrat,1421 Longworth House Office Building Washington DC 20515-3101,,https://stansbury.house.gov,
Jake Ellzey,TX,rep,Republican,1721 Longworth House Office Building Washington DC 20515-4306,,https://ellzey.house.gov,
Shontel M. Brown,OH,rep,Democrat,2455 Rayburn House Office Building Washington DC 20515-3511,,https://shontelbrown.house.gov,
Mike Carey,OH,rep,Republican,1433 Longworth House Office Building Washington DC 20515-3515,,https://carey.house.gov,
Sheila Cherfilus-McCormick,FL,rep,Democrat,2442 Rayburn House Office Building Washington DC 20515-0920,,https://cherfilus-mccormick.house.gov,
Mike Flood,NE,rep,Republican,343 Cannon House Office Building Washington DC 20515-2701,,https://flood.house.gov,
Brad Finstad,MN,rep,Republican,2418 Rayburn House Office Building Washington DC 20515-2301,,https://finstad.house.gov,
Patrick Ryan,NY,rep,Democrat,1708 Longworth House Office Building Washington DC 20515-3218,,https://patryan.house.gov,
Rudy Yakym III,IN,rep,Republican,349 Cannon House Office Building Washington DC 20515-1402,,https://yakym.house.gov,
Ryan K. Zinke,MT,rep,Republican,512 Cannon House Office Building Washington DC 20515-2600,,https://zinke.house.gov,
Katie Boyd Britt,AL,sen,Republican,502 Hart Senate Office Building Washington DC 20510,,https://www.britt.senate.gov,
Eric Schmitt,MO,sen,Republican,387 Russell Senate Office Building Washington DC 20510,,https://www.schmitt.senate.gov,
John Fetterman,PA,sen,Democrat,142 Russell Senate Office Building Washington DC 20510,,https://www.fetterman.senate.gov,
Dale W. Strong,AL,rep,Republican,449 Cannon House Office Building Washington DC 20515-0105,,https://strong.house.gov,
Elijah Crane,AZ,rep,Republican,307 Cannon House Office Building Washington DC 20515-0302,,https://crane.house.gov,
Juan Ciscomani,AZ,rep,Republican,461 Cannon House Office Building Washington DC 20515-0306,,https://ciscomani.house.gov,
Kevin Kiley,CA,rep,Republican,2445 Rayburn House Office Building Washington DC 20515-0503,,https://kiley.house.gov,
Kevin Mullin,CA,rep,Democrat,1404 Longworth House Office Building Washington DC 20515-0515,,https://kevinmullin.house.gov,
Sydney Kamlager-Dove,CA,rep,Democrat,144 Cannon House Office Building Washington DC 20515-0537,,https://kamlager-dove.house.gov,
Robert Garcia,CA,rep,Democrat,109 Cannon House Office Building Washington DC 20515-0542,,https://robertgarcia.house.gov,
Brittany Pettersen,CO,rep,Democrat,348 Cannon House Office Building Washington DC 20515-0607,,https://pettersen.house.gov,
Aaron Bean,FL,rep,Republican,2459 Rayburn House Office Building Washington DC 20515-0904,,https://bean.house.gov,
Cory Mills,FL,rep,Republican,346 Cannon House Office Building Washington DC 20515-0907,,https://mills.house.gov,
Maxwell Frost,FL,rep,Democrat,1224 Longworth House Office Building Washington DC 20515-0910,,https://frost.house.gov,
Anna Paulina Luna,FL,rep,Republican,226 Cannon House Office Building Washington DC 20515-0913,,https://luna.house.gov,
Laurel M. Lee,FL,rep,Republican,2464 Rayburn House Office Building Washington DC 20515-0915,,https://laurellee.house.gov,
Jared Moskowitz,FL,rep,Democrat,242 Cannon House Office Building Washington DC 20515-0923,,https://moskowitz.house.gov,
Richard McCormick,GA,rep,Republican,1719 Longworth House Office Building Washington DC 20515-1007,,https://mccormick.house.gov,
Mike Collins,GA,rep,Republican,2351 Rayburn House Office Building Washington DC 20515-1010,,https://collins.house.gov,
James C. Moylan,GU,rep,Republican,228 Cannon House Office Building Washington DC 20515-5301,,https://moylan.house.gov,
Jill N. Tokuda,HI,rep,Democrat,1027 Longworth House Office Building Washington DC 20515-1102,,https://tokuda.house.gov,
Zachary Nunn,IA,rep,Republican,1410 Longworth House Office Building Washington DC 20515-1503,,https://nunn.house.gov,
Jonathan L. Jackson,IL,rep,Democrat,1632 Longworth House Office Building Washington DC 20515-1301,,https://jonathanjackson.house.gov,
Delia C. Ramirez,IL,rep,Democrat,1523 Longworth House Office Building Washington DC 20515-1303,,https://ramirez.house.gov,
Nikki Budzinski,IL,rep,Democrat,1717 Longworth House Office Building Washington DC 20515-1313,,https://budzinski.house.gov,
Eric Sorensen,IL,rep,Democrat,1314 Longworth House Office Building Washington DC 20515-1317,,https://sorensen.house.gov,
Erin Houchin,IN,rep,Republican,342 Cannon House Office Building Washington DC 20515-1409,,https://houchin.house.gov,
Morgan McGarvey,KY,rep,Democrat,1527 Longworth House Office Building Washington DC 20515-1703,,https://mcgarvey.house.gov,
Glenn Ivey,MD,rep,Democrat,1610 Longworth House Office Building Washington DC 20515-2004,,https://ivey.house.gov,
Hillary J. Scholten,MI,rep,Democrat,1317 Longworth House Office Building Washington DC 20515-2203,,https://scholten.house.gov,
John James,MI,rep,Republican,1519 Longworth House Office Building Washington DC 20515-2210,,https://james.house.gov,
Shri Thanedar,MI,rep,Democrat,154 Cannon House Office Building Washington DC 20515-2213,,https://thanedar.house.gov,
Mark Alford,MO,rep,Republican,328 Cannon House Office Building Washington DC 20515-2504,,https://alford.house.gov,
Eric Burlison,MO,rep,Republican,1108 Longworth House Office Building Washington DC 20515-2507,,https://burlison.house.gov,
Mike Ezell,MS,rep,Republican,443 Cannon House Office Building Washington DC 20515-2404,,https://ezell.house.gov,
Donald G. Davis,NC,rep,Democrat,1123 Longworth House Office Building Washington DC 20515-3301,,https://dondavis.house.gov,
Valerie P. Foushee,NC,rep,Democrat,2452 Rayburn House Office Building Washington DC 20515-3304,,https://foushee.house.gov,
Chuck Edwards,NC,rep,Republican,1505 Longworth House Office Building Washington DC 20515-3311,,https://edwards.house.gov,
"Thomas H. Kean, Jr.",NJ,rep,Republican,251 Cannon House Office Building Washington DC 20515-3007,,https://kean.house.gov,
Robert Menendez,NJ,rep,Democrat,2453 Rayburn House Office Building Washington DC 20515-3008,,https://menendez.house.gov,
Gabe Vasquez,NM,rep,Democrat,322 Cannon House Office Building Washington DC 20515-3102,,https://vasquez.house.gov,
Nick LaLota,NY,rep,Republican,122 Cannon House Office Building Washington DC 20515-3201,,https://lalota.house.gov,
Daniel S. Goldman,NY,rep,Democrat,245 Cannon House Office Building Washington DC 20515-3210,,https://goldman.house.gov,
Michael Lawler,NY,rep,Republican,324 Cannon House Office Building Washington DC 20515-3217,,https://lawler.house.gov,
Nicholas A. Langworthy,NY,rep,Republican,422 Cannon House Office Building Washington DC 20515-3223,,https://langworthy.house.gov,
Greg Landsman,OH,rep,Democrat,2244 Rayburn House Office Building Washington DC 20515-3501,,https://landsman.house.gov,
Max L. Miller,OH,rep,Republican,143 Cannon House Office Building Washington DC 20515-3507,,https://maxmiller.house.gov,
Emilia Strong Sykes,OH,rep,Democrat,1217 Longworth House Office Building Washington DC 20515-3513,,https://sykes.house.gov,
Josh Brecheen,OK,rep,Republican,351 Cannon House Office Building Washington DC 20515-3602,,https://brecheen.house.gov,
Val T. Hoyle,OR,rep,Democrat,1620 Longworth House Office Building Washington DC 20515-3704,,https://hoyle.house.gov,
Andrea Salinas,OR,rep,Democrat,403 Cannon House Office Building Washington DC 20515-0001,,https://salinas.house.gov,
Summer L. Lee,PA,rep,Democrat,2437 Rayburn House Office Building Washington DC 20515-3812,,https://summerlee.house.gov,
Christopher R. Deluzio,PA,rep,Democrat,1222 Longworth House Office Building Washington DC 20515-3817,,https://deluzio.house.gov,
Seth Magaziner,RI,rep,Democrat,252 Cannon House Office Building Washington DC 20515-3902,,https://magaziner.house.gov,
Russell Fry,SC,rep,Republican,345 Cannon House Office Building Washington DC 20515-4007,,https://fry.house.gov,
Andrew Ogles,TN,rep,Republican,151 Cannon House Office Building Washington DC 20515-4205,,https://ogles.house.gov,
Nathaniel Moran,TX,rep,Republican,1605 Longworth House Office Building Washington DC 20515-4301,,https://moran.house.gov,
Keith Self,TX,rep,Republican,1030 Longworth House Office Building Washington DC 20515-4303,,https://keithself.house.gov,
Morgan Luttrell,TX,rep,Republican,444 Cannon House Office Building Washington DC 20515-4308,,https://luttrell.house.gov,
Monica De La Cruz,TX,rep,Republican,1415 Longworth House Office Building Washington DC 20515-4315,,https://delacruz.house.gov,
Jasmine Crockett,TX,rep,Democrat,1616 Longworth House Office Building Washington DC 20515-4330,,https://crockett.house.gov,
Greg Casar,TX,rep,Democrat,446 Cannon House Office Building Washington DC 20515-4335,,https://casar.house.gov,
Wesley Hunt,TX,rep,Republican,1520 Longworth House Office Building Washington DC 20515-0001,,https://hunt.house.gov,
Jennifer A. Kiggans,VA,rep,Republican,152 Cannon House Office Building Washington DC 20515-4602,,https://kiggans.house.gov,
Becca Balint,VT,rep,Democrat,1510 Longworth House Office Building Washington DC 20515-4500,,https://balint.house.gov,
Marie Gluesenkamp Perez,WA,rep,Democrat,1431 Longworth House Office Building Washington DC 20515-4703,,https://gluesenkampperez.house.gov,
Derrick Van Orden,WI,rep,Republican,1513 Longworth House Office Building Washington DC 20515-4903,,https://vanorden.house.gov,
Harriet M. Hageman,WY,rep,Republican,1227 Longworth House Office Building Washington DC 20515-5000,,https://hageman.house.gov,
Pete Ricketts,NE,sen,Republican,139 Russell Senate Office Building Washington DC 20510,,https://www.ricketts.senate.gov,
Jennifer L. McClellan,VA,rep,Democrat,1628 Longworth House Office Building Washington DC 20515-4604,,https://mcclellan.house.gov,
Gabe Amo,RI,rep,Democrat,1119 Longworth House Office Building Washington DC 20515-3901,,https://amo.house.gov,
Celeste Maloy,UT,rep,Republican,249 Cannon House Office Building Washington DC 20515-4402,,https://maloy.house.gov,
Thomas R. Suozzi,NY,rep,Democrat,203 Cannon House Office Building Washington DC 20515-3203,,https://suozzi.house.gov,
Timothy M. Kennedy,NY,rep,Democrat,423 Cannon House Office Building Washington DC 20515-3226,,https://kennedy.house.gov,
Vince Fong,CA,rep,Republican,243 Cannon House Office Building Washington DC 20515-0520,,https://fong.house.gov,
Michael A. Rulli,OH,rep,Republican,421 Cannon House Office Building Washington DC 20515-3506,,https://rulli.house.gov,
LaMonica McIver,NJ,rep,Democrat,426 Cannon House Office Building Washington DC 20515-3010,,https://mciver.house.gov,
Tony Wied,WI,rep,Republican,424 Cannon House Office Building Washington DC 20515-4908,,https://wied.house.gov,
Cleo Fields,LA,rep,Democrat,2349 Rayburn House Office Building Washington DC 20515-1806,,https://fields.house.gov,
Marlin A. Stutzman,IN,rep,Republican,404 Cannon House Office Building Washington DC 20515-1403,,https://stutzman.house.gov,
"Gilbert Ray Cisneros, Jr.",CA,rep,Democrat,2463 Rayburn House Office Building Washington DC 20515-0531,,https://cisneros.house.gov,
Angela D. Alsobrooks,MD,sen,Democrat,B40E Dirksen Senate Office Building Washington DC 20510,,https://www.alsobrooks.senate.gov,
Tim Sheehy,MT,sen,Republican,G55 Dirksen Senate Office Building Washington DC 20510,,https://www.sheehy.senate.gov,
Bernie Moreno,OH,sen,Republican,B33 Russell Senate Office Building Washington DC 20510,,https://www.moreno.senate.gov,
David McCormick,PA,sen,Republican,B40C Dirksen Senate Office Building Washington DC 20510,,https://www.mccormick.senate.gov,
Nicholas J. Begich III,AK,rep,Republican,153 Cannon House Office Building Washington DC 20515-0200,,https://begich.house.gov,
Shomari Figures,AL,rep,Democrat,225 Cannon House Office Building Washington DC 20515-0102,,https://figures.house.gov,
Yassamin Ansari,AZ,rep,Democrat,1432 Longworth House Office Building Washington DC 20515-0303,,https://ansari.house.gov,
Abraham J. Hamadeh,AZ,rep,Republican,1722 Longworth House Office Building Washington DC 20515-0308,,https://hamadeh.house.gov,
Lateefah Simon,CA,rep,Democrat,1023 Longworth House Office Building Washington DC 20515-0512,,https://simon.house.gov,
Adam Gray,CA,rep,Democrat,1230 Longworth House Office Building Washington DC 20515-0513,,https://gray.house.gov,
Sam T. Liccardo,CA,rep,Democrat,1117 Longworth House Office Building Washington DC 20515-0516,,https://liccardo.house.gov,
George Whitesides,CA,rep,Democrat,1504 Longworth House Office Building Washington DC 20515-0527,,https://whitesides.house.gov,
Luz M. Rivas,CA,rep,Democrat,1319 Longworth House Office Building Washington DC 20515-0529,,https://rivas.house.gov,
Laura Friedman,CA,rep,Democrat,1517 Longworth House Office Building Washington DC 20515-0530,,https://friedman.house.gov,
Derek Tran,CA,rep,Democrat,1127 Longworth House Office Building Washington DC 20515-0545,,https://tran.house.gov,
Dave Min,CA,rep,Democrat,1034 Longworth House Office Building Washington DC 20515-0547,,https://min.house.gov,
Jeff Hurd,CO,rep,Republican,1641 Longworth House Office Building Washington DC 20515-0603,,https://hurd.house.gov,
Jeff Crank,CO,rep,Republican,1029 Longworth House Office Building Washington DC 20515-0605,,https://crank.house.gov,
Gabe Evans,CO,rep,Republican,1229 Longworth House Office Building Washington DC 20515-0001,,https://gabeevans.house.gov,
Sarah McBride,DE,rep,Democrat,1306 Longworth House Office Building Washington DC 20515-0800,,https://mcbride.house.gov,
Mike Haridopolos,FL,rep,Republican,1039 Longworth House Office Building Washington DC 20515-0908,,https://haridopolos.house.gov,
Brian Jack,GA,rep,Republican,1320 Longworth House Office Building Washington DC 20515-1003,,https://jack.house.gov,
Jefferson Shreve,IN,rep,Republican,224 Cannon House Office Building Washington DC 20515-1406,,https://shreve.house.gov,
Mark B. Messmer,IN,rep,Republican,1208 Longworth House Office Building Washington DC 20515-1408,,https://messmer.house.gov,
Derek Schmidt,KS,rep,Republican,1223 Longworth House Office Building Washington DC 20515-1602,,https://schmidt.house.gov,
"Johnny Olszewski, Jr.",MD,rep,Democrat,1339 Longworth House Office Building Washington DC 20515-2002,,https://olszewski.house.gov,
Sarah Elfreth,MD,rep,Democrat,1213 Longworth House Office Building Washington DC 20515-2003,,https://elfreth.house.gov,
April McClain Delaney,MD,rep,Democrat,1130 Longworth House Office Building Washington DC 20515-2006,,https://mcclaindelaney.house.gov,
Tom Barrett,MI,rep,Republican,1232 Longworth House Office Building Washington DC 20515-2207,,https://barrett.house.gov,
Kristen McDonald Rivet,MI,rep,Democrat,1408 Longworth House Office Building Washington DC 20515-2208,,https://mcdonaldrivet.house.gov,
Kelly Morrison,MN,rep,Democrat,1205 Longworth House Office Building Washington DC 20515-2303,,https://morrison.house.gov,
Wesley Bell,MO,rep,Democrat,1429 Longworth House Office Building Washington DC 20515-2501,,https://bell.house.gov,
"Robert F. Onder, Jr.",MO,rep,Republican,1113 Longworth House Office Building Washington DC 20515-2503,,https://onder.house.gov,
Kimberlyn King-Hinds,MP,rep,Republican,425 Cannon House Office Building Washington DC 20515-5201,,https://king-hinds.house.gov,
Troy Downing,MT,rep,Republican,1529 Longworth House Office Building Washington DC 20515-0001,,https://downing.house.gov,
Addison P. McDowell,NC,rep,Republican,1032 Longworth House Office Building Washington DC 20515-3306,,https://mcdowell.house.gov,
Mark Harris,NC,rep,Republican,126 Cannon House Office Building Washington DC 20515-3308,,https://markharris.house.gov,
Pat Harrigan,NC,rep,Republican,1233 Longworth House Office Building Washington DC 20515-3310,,https://harrigan.house.gov,
Brad Knott,NC,rep,Republican,1239 Longworth House Office Building Washington DC 20515-3313,,https://knott.house.gov,
Tim Moore,NC,rep,Republican,1424 Longworth House Office Building Washington DC 20515-0001,,https://timmoore.house.gov,
Julie Fedorchak,ND,rep,Republican,1607 Longworth House Office Building Washington DC 20515-3400,,https://fedorchak.house.gov,
Maggie Goodlander,NH,rep,Democrat,223 Cannon House Office Building Washington DC 20515-2902,,https://goodlander.house.gov,
"Herbert C. Conaway, Jr.",NJ,rep,Democrat,1022 Longworth House Office Building Washington DC 20515-3003,,https://conaway.house.gov,
Nellie Pou,NJ,rep,Democrat,1007 Longworth House Office Building Washington DC 20515-3009,,https://pou.house.gov,
Laura Gillen,NY,rep,Democrat,428 Cannon House Office Building Washington DC 20515-3204,,https://gillen.house.gov,
George Latimer,NY,rep,Democrat,1507 Longworth House Office Building Washington DC 20515-3216,,https://latimer.house.gov,
Josh Riley,NY,rep,Democrat,128 Cannon House Office Building Washington DC 20515-3219,,https://riley.house.gov,
John W. Mannion,NY,rep,Democrat,1516 Longworth House Office Building Washington DC 20515-3222,,https://mannion.house.gov,
David J. Taylor,OH,rep,Republican,325 Cannon House Office Building Washington DC 20515-3502,,https://taylor.house.gov,
Maxine Dexter,OR,rep,Democrat,1207 Longworth House Office Building Washington DC 20515-3703,,https://dexter.house.gov,
Janelle S. Bynum,OR,rep,Democrat,1508 Longworth House Office Building Washington DC 20515-3705,,https://bynum.house.gov,
Ryan Mackenzie,PA,rep,Republican,121 Cannon House Office Building Washington DC 20515-3807,,https://mackenzie.house.gov,
"Robert P. Bresnahan, Jr.",PA,rep,Republican,1133 Longworth House Office Building Washington DC 20515-3808,,https://bresnahan.house.gov,
Pablo José Hernández,PR,rep,Democrat,1419 Longworth House Office Building Washington DC 20515-5401,,https://hernandez.house.gov,
Sheri Biggs,SC,rep,Republican,1530 Longworth House Office Building Washington DC 20515-4003,,https://sheribiggs.house.gov,
Craig A. Goldman,TX,rep,Republican,1716 Longworth House Office Building Washington DC 20515-4312,,https://craiggoldman.house.gov,
Sylvester Turner,TX,rep,Democrat,1318 Longworth House Office Building Washington DC 20515-4318,,https://sylvesterturner.house.gov,
Brandon Gill,TX,rep,Republican,1305 Longworth House Office Building Washington DC 20515-4326,,https://gill.house.gov,
Julie Johnson,TX,rep,Democrat,221 Cannon House Office Building Washington DC 20515-4332,,https://juliejohnson.house.gov,
Mike Kennedy,UT,rep,Republican,1626 Longworth House Office Building Washington DC 20515-4403,,https://mikekennedy.house.gov,
John J. McGuire III,VA,rep,Republican,1013 Longworth House Office Building Washington DC 20515-4605,,https://mcguire.house.gov,
Eugene Simon Vindman,VA,rep,Democrat,1005 Longworth House Office Building Washington DC 20515-4607,,https://vindman.house.gov,
Suhas Subramanyam,VA,rep,Democrat,1009 Longworth House Office Building Washington DC 20515-4610,,https://subramanyam.house.gov,
Michael Baumgartner,WA,rep,Republican,124 Cannon House Office Building Washington DC 20515-4705,,https://baumgartner.house.gov,
Emily Randall,WA,rep,Democrat,1531 Longworth House Office Building Washington DC 20515-4706,,https://randall.house.gov,
Riley M. Moore,WV,rep,Republican,1337 Longworth House Office Building Washington DC 20515-4802,,https://rileymoore.house.gov,
James C. Justice,WV,sen,Republican,G12 Dirksen Senate Office Building Washington DC 20510,,https://www.justice.senate.gov,
Jon Husted,OH,sen,Republican,198 Russell Senate Office Building Washington DC 20510,,https://www.husted.senate.gov,
Ashley Moody,FL,sen,Republican,B40B Dirksen Senate Office Building Washington DC 20510,,https://www.moody.senate.gov,
